BridgeID;Year;ConstituencyID;EligibleVoters;TotalVoters;Percent;PrevVotes;PrevPercent;DiffPercentPts;InvalidFirst;InvalidSecond;ValidFirst;ValidSecond
1;2021;414;231536.0;180112.0;77.79006288438947;228471.0;75.245436;2.544627;1537.0;1487.0;178575.0;178625.0
2;2021;415;188267.0;145387.0;77.2238363600631;186568.0;74.60765;2.616187;1337.0;1242.0;144050.0;144145.0
3;2021;416;176899.0;136299.0;77.04905058818873;176636.0;74.739577;2.309473;1319.0;1190.0;134980.0;135109.0
4;2021;417;202226.0;162060.0;80.1380633548604;200831.0;78.35145;1.786614;1410.0;1105.0;160650.0;160955.0
5;2021;418;202482.0;155986.0;77.03697118756236;204650.0;74.895187;2.141784;1170.0;918.0;154816.0;155068.0
6;2021;419;174908.0;133721.0;76.45219200951358;174937.0;75.291676;1.160516;1759.0;1194.0;131962.0;132527.0
7;2021;420;238388.0;191512.0;80.33625853650351;238533.0;78.69561;1.640648;1443.0;1242.0;190069.0;190270.0
8;2021;421;249202.0;199618.0;80.10288841983612;247296.0;78.15735;1.945539;1700.0;1353.0;197918.0;198265.0
9;2021;422;183138.0;143092.0;78.13342943572607;181522.0;76.265687;1.867743;1301.0;1126.0;141791.0;141966.0
10;2021;423;246277.0;196903.0;79.95184284362729;244930.0;78.934389;1.017453;1576.0;1316.0;195327.0;195587.0
11;2021;424;179394.0;131455.0;73.27725564957579;181638.0;72.100001;1.177255;1580.0;1218.0;129875.0;130237.0
12;2021;218;214853.0;156565.0;72.87075349192239;216800.0;72.449723;0.42103;2957.0;2402.0;153608.0;154163.0
13;2021;219;205042.0;146362.0;71.38147306405517;205876.0;71.289514;0.091959;2316.0;2258.0;144046.0;144104.0
14;2021;220;222705.0;165329.0;74.23677061583709;222913.0;73.578481;0.658289;2319.0;2352.0;163010.0;162977.0
15;2021;221;241066.0;168922.0;70.07292608663188;240887.0;70.376567;-0.303641;2769.0;3143.0;166153.0;165779.0
16;2021;222;221421.0;154240.0;69.65915608727266;226039.0;69.441557;0.2176;3572.0;3202.0;150668.0;151038.0
17;2021;223;209348.0;143622.0;68.60442898905173;212099.0;68.005507;0.598922;3021.0;2824.0;140601.0;140798.0
18;2021;212;242078.0;179637.0;74.20624757309628;243543.0;72.156046;2.050201;1439.0;1082.0;178198.0;178555.0
19;2021;213;187705.0;152720.0;81.3617111957593;185944.0;78.566665;2.795046;837.0;625.0;151883.0;152095.0
20;2021;214;193823.0;160970.0;83.04999922609804;192399.0;81.088259;1.96174;931.0;605.0;160039.0;160365.0
21;2021;215;219909.0;185457.0;84.33351977408837;217226.0;82.292175;2.041345;1234.0;766.0;184223.0;184691.0
22;2021;216;233483.0;174014.0;74.52962314172767;235513.0;73.275785;1.253838;1678.0;1193.0;172336.0;172821.0
23;2021;217;221794.0;158246.0;71.34818795819544;222031.0;70.151465;1.196723;1601.0;1229.0;156645.0;157017.0
24;2021;224;191846.0;137847.0;71.8529445492739;191541.0;74.488491;-2.635546;2286.0;1653.0;135561.0;136194.0
25;2021;225;238506.0;175826.0;73.71973870678306;235234.0;74.964503;-1.244765;2079.0;1550.0;173747.0;174276.0
26;2021;226;189047.0;134164.0;70.96859511126863;189344.0;73.492162;-2.523567;1188.0;1234.0;132976.0;132930.0
27;2021;227;228705.0;173725.0;75.96029820073895;226253.0;77.774438;-1.81414;1397.0;1175.0;172328.0;172550.0
28;2021;228;226827.0;163753.0;72.19290472474617;227696.0;74.746153;-2.553248;1781.0;1595.0;161972.0;162158.0
29;2021;229;188602.0;140739.0;74.62222033700597;187679.0;75.515108;-0.892888;1067.0;1023.0;139672.0;139716.0
30;2021;230;198576.0;151821.0;76.45485859318346;197297.0;77.570363;-1.115505;1188.0;935.0;150633.0;150886.0
31;2021;231;233253.0;180543.0;77.40221990713945;230151.0;78.127403;-0.725183;1330.0;1104.0;179213.0;179439.0
32;2021;232;223948.0;164507.0;73.4576776751746;220042.0;74.3808;-0.923122;1321.0;1155.0;163186.0;163352.0
33;2021;233;194371.0;146954.0;75.60489990790808;193934.0;76.468283;-0.863383;1460.0;982.0;145494.0;145972.0
34;2021;234;197490.0;151308.0;76.61552483670059;196136.0;78.025452;-1.409927;1927.0;1089.0;149381.0;150219.0
35;2021;235;168927.0;125100.0;74.05565717736063;168101.0;75.592055;-1.536398;934.0;896.0;124166.0;124204.0
36;2021;236;201740.0;161635.0;80.12045206701696;199081.0;81.292037;-1.171585;1122.0;893.0;160513.0;160742.0
37;2021;237;182673.0;139183.0;76.19243128431678;180865.0;77.958698;-1.766267;1546.0;1077.0;137637.0;138106.0
38;2021;238;199960.0;151837.0;75.93368673734747;199131.0;75.981138;-0.047451;1251.0;1379.0;150586.0;150458.0
39;2021;239;195467.0;149541.0;76.50447390096538;196720.0;77.321574;-0.8171;1335.0;1031.0;148206.0;148510.0
40;2021;240;193863.0;142895.0;73.70926891670922;194800.0;75.294148;-1.584879;1248.0;1103.0;141647.0;141792.0
41;2021;241;176770.0;128894.0;72.91621881540985;179883.0;74.940378;-2.024159;1217.0;1308.0;127677.0;127586.0
42;2021;242;190336.0;143712.0;75.50437121721588;193433.0;77.045282;-1.540911;1184.0;1262.0;142528.0;142450.0
43;2021;243;231250.0;174581.0;75.4944864864865;232926.0;77.986142;-2.491655;1464.0;1879.0;173117.0;172702.0
44;2021;244;214482.0;158022.0;73.6761126807844;214612.0;75.552625;-1.876513;1388.0;1192.0;156634.0;156830.0
45;2021;245;219966.0;166592.0;75.73534091632344;218556.0;77.26212;-1.52678;1568.0;1762.0;165024.0;164830.0
46;2021;246;184471.0;132893.0;72.0400496555014;187377.0;74.59827;-2.55822;1345.0;1284.0;131548.0;131609.0
47;2021;247;238323.0;181202.0;76.03210768578778;239923.0;78.56479;-2.532682;1654.0;2110.0;179548.0;179092.0
48;2021;248;215131.0;161685.0;75.15653253134137;218349.0;77.67977;-2.523237;1676.0;1907.0;160009.0;159778.0
49;2021;249;200922.0;147218.0;73.2712196772877;206133.0;76.186734;-2.915514;1794.0;1496.0;145424.0;145722.0
50;2021;250;187721.0;140807.0;75.00865646358159;192041.0;76.916908;-1.908252;1254.0;1513.0;139553.0;139294.0
51;2021;251;180147.0;130671.0;72.53576246065712;183961.0;74.637015;-2.101253;1623.0;1467.0;129048.0;129204.0
52;2021;252;197519.0;143611.0;72.70743574035914;202963.0;74.386465;-1.679029;1544.0;1296.0;142067.0;142315.0
53;2021;254;214542.0;161876.0;75.45189286946146;220420.0;77.37365;-1.921757;2399.0;1571.0;159477.0;160305.0
54;2021;166;245384.0;186308.0;75.92508068985752;252496.0;74.481972;1.443109;1337.0;1071.0;184971.0;185237.0
55;2021;167;214365.0;144123.0;67.23252396613253;221655.0;66.705015;0.527509;2037.0;1320.0;142086.0;142803.0
56;2021;1;172726.0;122512.0;70.9285226312194;176002.0;68.310587;2.617935;1675.0;1504.0;120837.0;121008.0
57;2021;2;182836.0;130965.0;71.62976656675927;184716.0;70.307932;1.321834;1815.0;1719.0;129150.0;129246.0
58;2021;3;249331.0;195208.0;78.29271129542657;243108.0;76.102802;2.189909;2470.0;2120.0;192738.0;193088.0
59;2021;4;230391.0;177065.0;76.85413058669826;226424.0;75.097604;1.756526;2856.0;2567.0;174209.0;174498.0
60;2021;5;202955.0;147618.0;72.7343499790594;203983.0;70.53676;2.19759;2239.0;2039.0;145379.0;145579.0
61;2021;6;232797.0;190547.0;81.85114069339382;226640.0;79.41096;2.440181;1702.0;1662.0;188845.0;188885.0
62;2021;7;252744.0;194461.0;76.9399075744627;248708.0;75.432636;1.507272;2948.0;2731.0;191513.0;191730.0
63;2021;9;191387.0;142414.0;74.41153265373302;194759.0;71.909899;2.501634;1973.0;1824.0;140441.0;140590.0
64;2021;10;171267.0;128323.0;74.92570080634331;178676.0;73.939981;0.98572;1960.0;1768.0;126363.0;126555.0
65;2021;11;162410.0;120351.0;74.10319561603349;168543.0;73.194971;0.908225;2068.0;1887.0;118283.0;118464.0
66;2021;461;159998.0;108881.0;68.05147564344554;165625.0;67.135396;0.916079;1301.0;1137.0;107580.0;107744.0
67;2021;463;215532.0;148520.0;68.90856114173302;220786.0;68.165101;0.74346;1774.0;1557.0;146746.0;146963.0
68;2021;465;207942.0;138572.0;66.63973608025314;215607.0;66.587356;0.05238;1728.0;1522.0;136844.0;137050.0
69;2021;466;229198.0;156789.0;68.40766498835067;238060.0;68.425607;-0.017942;1497.0;1405.0;155292.0;155384.0
70;2021;467;169749.0;115204.0;67.8672628410182;177005.0;69.752832;-1.885569;1385.0;1235.0;113819.0;113969.0
71;2021;469;214563.0;139289.0;64.91753004944934;224401.0;65.929296;-1.011766;2093.0;1843.0;137196.0;137446.0
72;2021;471;209765.0;148576.0;70.82973804018783;214668.0;71.024559;-0.194821;1505.0;1352.0;147071.0;147224.0
73;2021;473;184352.0;125866.0;68.27482207950008;191636.0;68.473043;-0.198221;1573.0;1287.0;124293.0;124579.0
74;2021;475;198676.0;133064.0;66.97537699571161;207103.0;67.70689;-0.731513;1727.0;1483.0;131337.0;131581.0
75;2021;14;207483.0;152506.0;73.50288939334789;206706.0;73.24993;0.25296;2296.0;2087.0;150210.0;150419.0
76;2021;16;235647.0;184636.0;78.35279040259371;237071.0;79.511623;-1.158833;2530.0;2252.0;182106.0;182384.0
77;2021;18;176585.0;128577.0;72.81309284480561;182398.0;75.242053;-2.42896;2951.0;2678.0;125626.0;125899.0
78;2021;20;180251.0;126551.0;70.20820966319188;184608.0;72.049424;-1.841214;3394.0;3022.0;123157.0;123529.0
79;2021;22;217814.0;177241.0;81.37263904064936;221210.0;81.696126;-0.323487;2421.0;2372.0;174820.0;174869.0
80;2021;24;196800.0;155726.0;79.1290650406504;198672.0;79.54518;-0.416115;1920.0;1943.0;153806.0;153783.0
81;2021;26;231500.0;178035.0;76.9049676025918;235250.0;77.007014;-0.102046;2786.0;2898.0;175249.0;175137.0
82;2021;28;197037.0;139712.0;70.90647949369915;202618.0;70.849085;0.057394;3167.0;2701.0;136545.0;137011.0
83;2021;30;220014.0;172469.0;78.39001154471988;223427.0;77.559561;0.830451;2102.0;1828.0;170367.0;170641.0
84;2021;32;207127.0;158748.0;76.64283265822418;205106.0;76.599904;0.042928;2509.0;2818.0;156239.0;155930.0
85;2021;34;197988.0;137133.0;69.26328868416267;200704.0;69.252232;0.011057;2783.0;3017.0;134350.0;134116.0
86;2021;36;200673.0;145569.0;72.54040154878832;205300.0;72.63322;-0.092818;2772.0;2706.0;142797.0;142863.0
87;2021;257;176306.0;140020.0;79.41873787619252;179273.0;78.44126;0.977478;1107.0;727.0;138913.0;139293.0
88;2021;259;226420.0;170670.0;75.37761681830227;228248.0;75.860029;-0.482413;1883.0;1583.0;168787.0;169087.0
89;2021;261;192346.0;145368.0;75.57630520000416;190051.0;74.890424;0.685881;1649.0;1397.0;143719.0;143971.0
90;2021;263;199656.0;153645.0;76.95486236326482;199675.0;75.920871;1.033991;1707.0;1516.0;151938.0;152129.0
91;2021;265;249035.0;194862.0;78.24683277450961;248982.0;76.915199;1.331634;1909.0;1461.0;192953.0;193401.0
92;2021;267;249198.0;192814.0;77.3738151991589;246753.0;76.106876;1.266939;2031.0;1540.0;190783.0;191274.0
93;2021;269;190630.0;140901.0;73.9133399779678;192574.0;72.552889;1.360451;1097.0;821.0;139804.0;140080.0
94;2021;271;242483.0;204955.0;84.52345112853273;240985.0;82.154076;2.369375;972.0;622.0;203983.0;204333.0
95;2021;273;204539.0;155242.0;75.89848390771442;203647.0;73.965735;1.932749;1107.0;840.0;154135.0;154402.0
96;2021;275;230215.0;185557.0;80.60161153704146;227583.0;79.28492;1.316691;1447.0;1113.0;184110.0;184444.0
97;2021;277;238627.0;188217.0;78.87498061828711;237415.0;77.625677;1.249304;1751.0;1393.0;186466.0;186824.0
98;2021;279;216063.0;176637.0;81.75254439677316;216020.0;80.785575;0.966969;1317.0;1216.0;175320.0;175421.0
99;2021;281;206640.0;160146.0;77.5;208418.0;75.134105;2.365895;1639.0;1472.0;158507.0;158674.0
100;2021;283;217193.0;176933.0;81.463490996487;217425.0;80.220766;1.242725;1349.0;1037.0;175584.0;175896.0
101;2021;285;209102.0;154163.0;73.72621973964858;212212.0;73.105668;0.620552;1403.0;1163.0;152760.0;153000.0
102;2021;287;202528.0;146699.0;72.43393506083109;208129.0;72.046663;0.387272;1741.0;1300.0;144958.0;145399.0
103;2021;289;220204.0;163495.0;74.24706181540753;222845.0;73.60228;0.644782;1526.0;1277.0;161969.0;162218.0
104;2021;291;203030.0;159457.0;78.53863960990986;205244.0;78.10947;0.42917;1561.0;1149.0;157896.0;158308.0
105;2021;293;160175.0;123769.0;77.27110972373966;163229.0;76.883397;0.387713;1172.0;877.0;122597.0;122892.0
106;2021;295;220827.0;175110.0;79.29736852830497;220764.0;78.340219;0.95715;1162.0;807.0;173948.0;174303.0
107;2021;297;190102.0;142287.0;74.84771333284237;193175.0;74.336224;0.51149;1153.0;855.0;141134.0;141432.0
108;2021;299;213250.0;162167.0;76.04548651817116;214779.0;74.518459;1.527028;1605.0;1201.0;160562.0;160966.0
109;2021;301;185185.0;129646.0;70.00891000891001;190552.0;69.275578;0.733332;1707.0;1241.0;127939.0;128405.0
110;2021;303;200048.0;155726.0;77.84431736383269;201450.0;77.157607;0.68671;1520.0;1132.0;154206.0;154594.0
111;2021;305;227166.0;175085.0;77.07359375962952;227423.0;76.192821;0.880772;1740.0;1333.0;173345.0;173752.0
112;2021;307;225463.0;171093.0;75.88517849935467;226096.0;74.772221;1.112958;1628.0;1326.0;169465.0;169767.0
113;2021;309;206270.0;160625.0;77.87123672855965;207178.0;77.394318;0.476919;1460.0;1128.0;159165.0;159497.0
114;2021;311;175852.0;131664.0;74.87205149785046;179118.0;74.646323;0.225729;1378.0;1048.0;130286.0;130616.0
115;2021;313;163394.0;118600.0;72.58528464937513;167998.0;72.404433;0.180851;1320.0;1006.0;117280.0;117594.0
116;2021;315;155265.0;98339.0;63.33623160403181;160204.0;64.732466;-1.396235;1530.0;1173.0;96809.0;97166.0
117;2021;317;199156.0;145232.0;72.92373817509892;204816.0;73.388798;-0.46506;1478.0;1216.0;143754.0;144016.0
118;2021;319;182895.0;139658.0;76.3596599141584;187746.0;76.091102;0.268558;1503.0;1069.0;138155.0;138589.0
119;2021;321;156298.0;105472.0;67.48134972936313;163326.0;67.575891;-0.094541;1274.0;1063.0;104198.0;104409.0
120;2021;323;190335.0;152860.0;80.31103055139623;192918.0;79.482474;0.828556;1013.0;797.0;151847.0;152063.0
121;2021;325;165193.0;121640.0;73.63508138964725;169267.0;73.232231;0.402851;1121.0;903.0;120519.0;120737.0
122;2021;327;186413.0;137841.0;73.94387730469441;189376.0;74.346802;-0.402925;1467.0;1103.0;136374.0;136738.0
123;2021;329;168496.0;112317.0;66.65855569271673;175210.0;68.154786;-1.49623;1233.0;1033.0;111084.0;111284.0
124;2021;331;202388.0;156894.0;77.52139454908394;202192.0;76.464944;1.05645;1176.0;975.0;155718.0;155919.0
125;2021;333;199344.0;148734.0;74.61172646279798;202793.0;74.875366;-0.263639;1378.0;1111.0;147356.0;147623.0
126;2021;335;201103.0;162159.0;80.63479908305695;199978.0;79.081699;1.5531;1260.0;883.0;160899.0;161276.0
127;2021;337;194695.0;161064.0;82.72631551914533;192946.0;81.272999;1.453317;1118.0;882.0;159946.0;160182.0
128;2021;339;195513.0;155635.0;79.60340233130277;195571.0;77.99776;1.605642;1292.0;1103.0;154343.0;154532.0
129;2021;341;233953.0;196276.0;83.89548328082991;232294.0;82.262133;1.63335;981.0;820.0;195295.0;195456.0
130;2021;343;208754.0;165808.0;79.42746007262136;209604.0;78.019026;1.408434;1443.0;1186.0;164365.0;164622.0
131;2021;345;234177.0;179726.0;76.7479299845843;234272.0;75.428562;1.319368;1604.0;1378.0;178122.0;178348.0
132;2021;347;243059.0;185345.0;76.25514792704652;246216.0;75.60516;0.649988;1481.0;1182.0;183864.0;184163.0
133;2021;349;226894.0;170464.0;75.12935555810202;228976.0;73.660122;1.469234;1646.0;1408.0;168818.0;169056.0
134;2021;351;201888.0;152935.0;75.75239736883816;204203.0;74.034662;1.717736;1419.0;1363.0;151516.0;151572.0
135;2021;353;224415.0;172402.0;76.82285052246954;227196.0;75.437508;1.385343;1897.0;1531.0;170505.0;170871.0
136;2021;355;172435.0;134346.0;77.91109693507698;174634.0;76.219407;1.691689;1416.0;1258.0;132930.0;133088.0
137;2021;357;231534.0;178377.0;77.0413848506051;229056.0;75.005239;2.036146;1540.0;1395.0;176837.0;176982.0
138;2021;359;201594.0;144751.0;71.80322827068267;207384.0;72.350808;-0.54758;1651.0;1142.0;143100.0;143609.0
139;2021;361;175283.0;136706.0;77.99159074182893;178506.0;77.10217;0.889421;1252.0;1006.0;135454.0;135700.0
140;2021;363;202393.0;154691.0;76.4310030485244;206460.0;76.015209;0.415794;2624.0;1103.0;152067.0;153588.0
141;2021;365;173939.0;123045.0;70.7403170076866;179247.0;71.395337;-0.65502;1535.0;1204.0;121510.0;121841.0
142;2021;367;206727.0;155814.0;75.37186724520744;211316.0;73.868992;1.502875;1098.0;940.0;154716.0;154874.0
143;2021;369;199317.0;143855.0;72.17397412162535;203300.0;70.749631;1.424343;1298.0;1065.0;142557.0;142790.0
144;2021;371;194493.0;148083.0;76.13795869260076;197873.0;76.226165;-0.088207;1322.0;1147.0;146761.0;146936.0
145;2021;373;231226.0;168760.0;72.98487194346657;235213.0;72.92284;0.062032;1708.0;1332.0;167052.0;167428.0
146;2021;375;231811.0;179003.0;77.21937267860454;232301.0;75.059513;2.159859;1554.0;1174.0;177449.0;177829.0
147;2021;377;200496.0;156518.0;78.0653978134227;202768.0;75.955772;2.109626;1101.0;1024.0;155417.0;155494.0
148;2021;379;207672.0;162162.0;78.08563503987057;212912.0;76.231495;1.85414;1336.0;1164.0;160826.0;160998.0
149;2021;381;203350.0;154830.0;76.13966068355053;206716.0;73.79303;2.346631;1446.0;1159.0;153384.0;153671.0
150;2021;383;195816.0;143689.0;73.37960125832414;200546.0;72.538969;0.840633;1229.0;1081.0;142460.0;142608.0
151;2021;430;161279.0;119206.0;73.91290868618977;163916.0;72.091803;1.821106;1541.0;1449.0;117665.0;117757.0
152;2021;432;224100.0;167696.0;74.83087907184293;220654.0;73.149365;1.681514;1569.0;1277.0;166127.0;166419.0
153;2021;434;231178.0;180880.0;78.24273936101186;227718.0;76.936386;1.306353;1421.0;1043.0;179459.0;179837.0
154;2021;436;212853.0;162283.0;76.24181947165415;215616.0;74.818659;1.42316;2042.0;1836.0;160241.0;160447.0
155;2021;438;197004.0;149341.0;75.80607500355323;201310.0;75.996225;-0.19015;1904.0;1747.0;147437.0;147594.0
156;2021;440;206895.0;159233.0;76.96319389062086;213990.0;75.386233;1.576961;2098.0;2145.0;157135.0;157088.0
157;2021;442;204105.0;153057.0;74.98934372014403;213021.0;73.273996;1.715347;2234.0;2064.0;150823.0;150993.0
158;2021;444;199703.0;154159.0;77.19413328793257;202580.0;77.175437;0.018696;2120.0;2005.0;152039.0;152154.0
159;2021;446;228643.0;181120.0;79.21519574183333;232636.0;78.598755;0.616441;1577.0;1394.0;179543.0;179726.0
160;2021;448;234432.0;189409.0;80.79485735735736;235464.0;79.340366;1.454491;1649.0;1404.0;187760.0;188005.0
161;2021;450;193828.0;147733.0;76.21860618692861;201629.0;74.715443;1.503163;2005.0;1741.0;145728.0;145992.0
162;2021;452;188691.0;140700.0;74.56635451611365;195929.0;75.138443;-0.572088;1371.0;1121.0;139329.0;139579.0
163;2021;454;177211.0;137423.0;77.54766916274949;183483.0;75.696931;1.850738;1664.0;1441.0;135759.0;135982.0
164;2021;456;210941.0;161756.0;76.68305355525953;220917.0;75.458656;1.224397;2261.0;2121.0;159495.0;159635.0
165;2021;458;197831.0;147142.0;74.37762534688699;207606.0;72.709845;1.667781;1854.0;1596.0;145288.0;145546.0
166;2021;460;184973.0;137816.0;74.50600898509512;193081.0;73.94565;0.560359;2065.0;1673.0;135751.0;136143.0
167;2021;169;184073.0;138130.0;75.0408805202284;186825.0;76.463;-1.42212;2140.0;2087.0;135990.0;136043.0
168;2021;171;218474.0;162809.0;74.52099563334768;222451.0;75.457067;-0.936071;2213.0;1980.0;160596.0;160829.0
169;2021;173;171886.0;130905.0;76.15803497667059;175992.0;75.984136;0.173899;1865.0;1879.0;129040.0;129026.0
170;2021;175;185944.0;141494.0;76.09495331927893;188074.0;77.49237;-1.397417;2240.0;2323.0;139254.0;139171.0
171;2021;177;181588.0;141581.0;77.96825781439301;183296.0;77.669453;0.298805;1503.0;1312.0;140078.0;140269.0
172;2021;179;206532.0;153384.0;74.26645749811168;208744.0;74.254589;0.011868;2339.0;1984.0;151045.0;151400.0
173;2021;181;217514.0;161919.0;74.44072565444063;217806.0;76.499729;-2.059003;2144.0;2217.0;159775.0;159702.0
174;2021;183;208542.0;163560.0;78.43024426734183;209966.0;77.1463;1.283944;1895.0;1856.0;161665.0;161704.0
175;2021;185;178307.0;137070.0;76.87303358813732;179307.0;77.070611;-0.197577;2186.0;2033.0;134884.0;135037.0
176;2021;187;179842.0;144012.0;80.07695643954138;181516.0;80.607219;-0.530263;1556.0;1330.0;142456.0;142682.0
177;2021;189;176897.0;138935.0;78.54005438192847;176435.0;78.699238;-0.159183;2010.0;1678.0;136925.0;137257.0
178;2021;191;220466.0;172247.0;78.12860032839531;220342.0;78.798867;-0.670267;2267.0;1765.0;169980.0;170482.0
179;2021;193;186735.0;136214.0;72.94508260368973;189372.0;73.80975;-0.864668;1607.0;1348.0;134607.0;134866.0
180;2021;195;176271.0;131412.0;74.55111731368177;177469.0;75.613206;-1.062088;2036.0;1760.0;129376.0;129652.0
181;2021;197;195514.0;157718.0;80.66839203330709;197291.0;81.426421;-0.758029;1782.0;1437.0;155936.0;156281.0
182;2021;199;201216.0;145010.0;72.06683365139949;199775.0;72.502065;-0.435231;1507.0;1247.0;143503.0;143763.0
183;2021;201;227207.0;175004.0;77.02403535102351;223942.0;76.981093;0.042942;1752.0;1353.0;173252.0;173651.0
184;2021;203;174082.0;129261.0;74.25293827047024;174727.0;76.300743;-2.047805;1925.0;1677.0;127336.0;127584.0
185;2021;205;219511.0;158052.0;72.00185867678613;220194.0;74.289036;-2.287177;2331.0;2238.0;155721.0;155814.0
186;2021;207;240763.0;188916.0;78.46554495499724;242622.0;79.344824;-0.87928;2462.0;1888.0;186454.0;187028.0
187;2021;209;233901.0;179830.0;76.88295475436189;234422.0;78.906417;-2.023462;3020.0;2704.0;176810.0;177126.0
188;2021;211;197782.0;153176.0;77.44688596535579;198418.0;78.663226;-1.21634;1926.0;1733.0;151250.0;151443.0
189;2021;477;209203.0;154488.0;73.84597735214122;216673.0;73.077402;0.768575;1998.0;1810.0;152490.0;152678.0
190;2021;479;212267.0;156113.0;73.54558174374726;219822.0;73.318867;0.226715;2105.0;1892.0;154008.0;154221.0
191;2021;481;198697.0;154163.0;77.5869791692879;203210.0;76.379115;1.207864;1912.0;1588.0;152251.0;152575.0
192;2021;483;190519.0;142566.0;74.83033188290932;196466.0;74.680097;0.150235;1982.0;1918.0;140584.0;140648.0
193;2021;485;217944.0;166604.0;76.4434900708439;221922.0;75.808167;0.635323;1942.0;1606.0;164662.0;164998.0
194;2021;487;229588.0;168147.0;73.23858389811313;240738.0;73.496083;-0.257499;2517.0;2104.0;165630.0;166043.0
195;2021;489;219437.0;166531.0;75.89011880403032;227191.0;75.043906;0.846213;2037.0;1908.0;164494.0;164623.0
196;2021;491;230071.0;171108.0;74.3718243498746;240992.0;72.595771;1.776054;2146.0;1983.0;168962.0;169125.0
197;2021;385;238118.0;181837.0;76.36423957869629;239284.0;75.896006;0.468233;2058.0;1544.0;179779.0;180293.0
198;2021;387;195109.0;148466.0;76.09387573100165;195618.0;77.491335;-1.397459;1861.0;1379.0;146605.0;147087.0
199;2021;389;193035.0;147127.0;76.21778433962753;196999.0;76.727801;-0.510016;1815.0;1224.0;145312.0;145903.0
200;2021;391;171102.0;134717.0;78.73490666386132;172876.0;78.39087;0.344037;2348.0;1455.0;132369.0;133262.0
201;2021;393;182380.0;138109.0;75.72595679350806;185172.0;75.5557;0.170257;2008.0;1451.0;136101.0;136658.0
202;2021;395;163493.0;124449.0;76.11885524150881;164480.0;77.13947;-1.020615;1852.0;1395.0;122597.0;123054.0
203;2021;397;190530.0;147171.0;77.24295386553298;192846.0;78.586541;-1.343587;1738.0;1540.0;145433.0;145631.0
204;2021;399;210816.0;164165.0;77.87122419550698;210114.0;77.824419;0.046805;2172.0;1454.0;161993.0;162711.0
205;2021;401;249630.0;202670.0;81.18815847454232;248996.0;81.340262;-0.152104;2669.0;1382.0;200001.0;201288.0
206;2021;403;212943.0;166636.0;78.25380500885213;213627.0;79.481058;-1.227253;2491.0;1814.0;164145.0;164822.0
207;2021;405;210969.0;154911.0;73.42832359256573;215595.0;75.079199;-1.650876;2122.0;1653.0;152789.0;153258.0
208;2021;407;219416.0;173828.0;79.2230284026689;220550.0;79.993199;-0.77017;2178.0;1506.0;171650.0;172322.0
209;2021;409;224701.0;169206.0;75.30273563535543;229114.0;75.209721;0.093015;2409.0;1742.0;166797.0;167464.0
210;2021;411;174093.0;132470.0;76.0915143055723;177687.0;76.012877;0.078638;2004.0;1747.0;130466.0;130723.0
211;2021;413;217000.0;171259.0;78.92119815668202;217633.0;79.201684;-0.280485;1627.0;1583.0;169632.0;169676.0
212;2021;76;168656.0;129441.0;76.74852955127596;168221.0;75.368711;1.379818;880.0;681.0;128561.0;128760.0
213;2021;78;200569.0;168337.0;83.92971994675149;198198.0;82.421114;1.508606;1132.0;734.0;167205.0;167603.0
214;2021;80;237250.0;194002.0;81.77112750263436;235746.0;79.172923;2.598204;1237.0;883.0;192765.0;193119.0
215;2021;82;231905.0;192779.0;83.12843621310451;232125.0;82.183737;0.944699;1489.0;927.0;191290.0;191852.0
216;2021;84;238384.0;187395.0;78.61056111148399;238605.0;77.139624;1.470937;1167.0;856.0;186228.0;186539.0
217;2021;86;223683.0;175551.0;78.48204825579056;226436.0;76.929464;1.552585;880.0;649.0;174671.0;174902.0
218;2021;88;242591.0;193958.0;79.95267755192896;239169.0;78.151015;1.801663;906.0;687.0;193052.0;193271.0
219;2021;90;214606.0;172970.0;80.59886489660121;216725.0;78.663283;1.935582;841.0;599.0;172129.0;172371.0
220;2021;92;242252.0;198272.0;81.84535112197217;241282.0;80.154757;1.690594;955.0;647.0;197317.0;197625.0
221;2021;94;234912.0;199333.0;84.8543284293693;235172.0;83.881159;0.973169;1041.0;723.0;198292.0;198610.0
222;2021;96;237390.0;191410.0;80.63102910821854;235170.0;79.300931;1.330098;1346.0;849.0;190064.0;190561.0
223;2021;98;166662.0;136106.0;81.66588664482606;165527.0;80.115027;1.55086;1765.0;750.0;134341.0;135356.0
224;2021;100;214828.0;180978.0;84.24320852030462;213628.0;82.860393;1.382816;1158.0;714.0;179820.0;180264.0
225;2021;102;208815.0;163876.0;78.47903646768671;208466.0;77.046137;1.432899;1282.0;817.0;162594.0;163059.0
226;2021;104;168473.0;138039.0;81.93538430490347;167159.0;80.362409;1.572975;1444.0;879.0;136595.0;137160.0
227;2021;106;166186.0;127193.0;76.53653135643195;166659.0;71.676297;4.860234;691.0;549.0;126502.0;126644.0
228;2021;108;246854.0;195589.0;79.23266384178503;245315.0;77.217047;2.015616;1639.0;823.0;193950.0;194766.0
229;2021;110;177563.0;136625.0;76.9445210995534;177387.0;74.04714;2.897381;1145.0;573.0;135480.0;136052.0
230;2021;112;173632.0;133885.0;77.10848230740878;173163.0;73.826395;3.282088;1438.0;639.0;132447.0;133246.0
231;2021;114;173772.0;132955.0;76.51117556338191;173953.0;74.401706;2.109469;877.0;712.0;132078.0;132243.0
232;2021;116;216071.0;173297.0;80.20372932971107;215876.0;78.52054;1.68319;1300.0;939.0;171997.0;172358.0
233;2021;118;248192.0;198937.0;80.15447717895823;247794.0;78.623373;1.531105;1225.0;762.0;197712.0;198175.0
234;2021;120;222424.0;174957.0;78.65922742150127;221540.0;75.157985;3.501242;1202.0;812.0;173755.0;174145.0
235;2021;122;165807.0;132247.0;79.7596000168871;168415.0;77.495472;2.264128;823.0;891.0;131424.0;131356.0
236;2021;124;182586.0;148660.0;81.41916685835716;182513.0;79.568031;1.851136;865.0;592.0;147795.0;148068.0
237;2021;126;162430.0;129136.0;79.5025549467463;163934.0;77.605622;1.896933;806.0;606.0;128330.0;128530.0
238;2021;128;156571.0;123864.0;79.11043552126512;159654.0;77.166873;1.943562;921.0;704.0;122943.0;123160.0
239;2021;130;162872.0;125334.0;76.95245346038607;167552.0;75.748424;1.204029;879.0;775.0;124455.0;124559.0
240;2021;132;168923.0;137178.0;81.20741402887707;170897.0;79.037081;2.170333;781.0;671.0;136397.0;136507.0
241;2021;134;243174.0;192508.0;79.16471333283987;243760.0;76.286101;2.878612;1514.0;1022.0;190994.0;191486.0
242;2021;136;187299.0;155377.0;82.95666287593633;186411.0;81.844956;1.111707;946.0;669.0;154431.0;154708.0
243;2021;138;250730.0;197939.0;78.94508036533323;249810.0;77.747888;1.197192;1438.0;996.0;196501.0;196943.0
244;2021;140;188283.0;145212.0;77.12432880291901;192214.0;76.063658;1.060671;1006.0;726.0;144206.0;144486.0
245;2021;142;177316.0;129560.0;73.06729229172775;181809.0;72.650419;0.416873;1137.0;847.0;128423.0;128713.0
246;2021;144;229279.0;189675.0;82.72672159247031;227560.0;81.690543;1.036178;1392.0;945.0;188283.0;188730.0
247;2021;146;182652.0;146772.0;80.35608698508639;183362.0;79.044731;1.311356;1234.0;1052.0;145538.0;145720.0
248;2021;148;214061.0;174164.0;81.3618547983986;216030.0;79.249178;2.112676;1624.0;1059.0;172540.0;173105.0
249;2021;150;194408.0;158133.0;81.34078844491997;196183.0;80.132325;1.208463;1348.0;1066.0;156785.0;157067.0
250;2021;152;196710.0;157357.0;79.99440801179402;199041.0;78.455695;1.538713;1554.0;1005.0;155803.0;156352.0
251;2021;154;224907.0;185659.0;82.54923146011463;225998.0;80.956911;1.59232;2155.0;957.0;183504.0;184702.0
252;2021;156;207543.0;153315.0;73.87143868981367;210528.0;72.782718;1.088721;1004.0;855.0;152311.0;152460.0
253;2021;158;249372.0;204737.0;82.1010378069711;245699.0;79.997884;2.103154;1650.0;1070.0;203087.0;203667.0
254;2021;160;195774.0;157033.0;80.21136616711105;193895.0;77.540937;2.670429;1109.0;818.0;155924.0;156215.0
255;2021;162;241919.0;188813.0;78.04802433872494;239647.0;75.963813;2.084211;1479.0;1099.0;187334.0;187714.0
256;2021;164;228803.0;181755.0;79.43733255245779;226604.0;77.861379;1.575953;1617.0;1014.0;180138.0;180741.0
257;2021;165;250575.0;198667.0;79.28444577471815;247539.0;77.394269;1.890177;1542.0;1024.0;197125.0;197643.0
258;2021;37;191811.0;157514.0;82.11937792931585;194368.0;82.74716;-0.627782;832.0;676.0;156682.0;156838.0
259;2021;38;178958.0;133588.0;74.64768269649862;182501.0;76.262596;-1.614913;1124.0;892.0;132464.0;132696.0
260;2021;39;245553.0;195335.0;79.54901793095584;245678.0;80.005943;-0.456925;1541.0;1221.0;193794.0;194114.0
261;2021;40;166628.0;131888.0;79.1511630698322;168715.0;80.300507;-1.149344;868.0;767.0;131020.0;131121.0
262;2021;41;205967.0;165777.0;80.48716541970316;207044.0;81.167288;-0.680123;1302.0;1207.0;164475.0;164570.0
263;2021;42;177107.0;135606.0;76.56727289152884;178409.0;77.117746;-0.550473;1599.0;1183.0;134007.0;134423.0
264;2021;43;221775.0;175841.0;79.28801713448314;222891.0;80.012203;-0.724186;1434.0;1092.0;174407.0;174749.0
265;2021;44;215312.0;171843.0;79.81115776175967;218074.0;80.387391;-0.576234;1300.0;1001.0;170543.0;170842.0
266;2021;45;230738.0;186673.0;80.9025821494509;229280.0;81.281403;-0.378821;1622.0;1237.0;185051.0;185436.0
267;2021;46;240951.0;182804.0;75.86770754219737;242553.0;76.562648;-0.694941;1863.0;1749.0;180941.0;181055.0
268;2021;47;225874.0;172687.0;76.45280111920806;225785.0;76.07237;0.380431;1561.0;1457.0;171126.0;171230.0
269;2021;48;177062.0;136436.0;77.0554946854774;176968.0;77.25521;-0.199715;1435.0;1012.0;135001.0;135424.0
270;2021;49;220686.0;168655.0;76.42306263197484;221853.0;76.713409;-0.290347;1722.0;1410.0;166933.0;167245.0
271;2021;50;205608.0;159591.0;77.61906151511614;208868.0;77.627497;-0.008435;1350.0;1123.0;158241.0;158468.0
272;2021;51;209147.0;167946.0;80.30045852916848;209741.0;80.480688;-0.18023;1687.0;1313.0;166259.0;166633.0
273;2021;52;204890.0;155331.0;75.81189906779248;206484.0;76.135681;-0.323782;1736.0;1531.0;153595.0;153800.0
274;2021;53;218431.0;177868.0;81.42983367745421;217934.0;82.19828;-0.768447;1231.0;1064.0;176637.0;176804.0
275;2021;54;196863.0;142132.0;72.19843241238831;197289.0;73.028907;-0.830474;1350.0;1165.0;140782.0;140967.0
276;2021;55;209418.0;162058.0;77.3849430325951;210876.0;77.457368;-0.072425;1806.0;1564.0;160252.0;160494.0
277;2021;56;196882.0;154085.0;78.26261415467133;198251.0;78.890901;-0.628287;1588.0;1403.0;152497.0;152682.0
278;2021;57;195755.0;152231.0;77.76608515746724;196426.0;78.717685;-0.9516;2028.0;1455.0;150203.0;150776.0
279;2021;58;217126.0;163982.0;75.52388935456833;219577.0;76.500271;-0.976382;1441.0;1365.0;162541.0;162617.0
280;2021;59;199092.0;152863.0;76.7800815703293;198021.0;77.498346;-0.718265;1350.0;1275.0;151513.0;151588.0
281;2021;60;224392.0;180976.0;80.65171663873934;222308.0;81.352898;-0.701181;1207.0;1103.0;179769.0;179873.0
282;2021;61;231076.0;174064.0;75.32759784659592;232208.0;76.396593;-1.068995;1720.0;1495.0;172344.0;172569.0
283;2021;62;218872.0;168004.0;76.75901896999159;218287.0;77.177294;-0.418275;1349.0;1432.0;166655.0;166572.0
284;2021;63;205893.0;156776.0;76.14440510362178;205551.0;75.759301;0.385104;1623.0;1576.0;155153.0;155200.0
285;2021;64;198182.0;149664.0;75.51846282709832;199227.0;76.295382;-0.776919;1826.0;1851.0;147838.0;147813.0
286;2021;65;162800.0;122862.0;75.46805896805897;165041.0;75.947189;-0.47913;1370.0;1340.0;121492.0;121522.0
287;2021;66;206009.0;157563.0;76.48355168948929;205135.0;77.442172;-0.958621;1277.0;1163.0;156286.0;156400.0
288;2021;67;177275.0;136195.0;76.82696375687492;177806.0;76.822492;0.004472;1318.0;1173.0;134877.0;135022.0
289;2021;68;199189.0;153820.0;77.22313983201884;199934.0;78.84702;-1.62388;1343.0;1245.0;152477.0;152575.0
290;2021;69;198791.0;160835.0;80.90658027777917;196488.0;81.328631;-0.42205;1207.0;1054.0;159628.0;159781.0
291;2021;70;223376.0;177537.0;79.47899505766063;222673.0;79.695338;-0.216343;1539.0;1372.0;175998.0;176165.0
292;2021;71;169147.0;133345.0;78.83379545602345;167025.0;78.84628;-0.012485;1174.0;1115.0;132171.0;132230.0
293;2021;72;174430.0;137838.0;79.0219572321275;172782.0;79.375166;-0.353209;1083.0;990.0;136755.0;136848.0
294;2021;73;187817.0;147020.0;78.27832411336567;186958.0;78.185475;0.092849;1080.0;1042.0;145940.0;145978.0
295;2021;74;182648.0;138084.0;75.6011563225439;183588.0;76.011504;-0.410348;1688.0;1544.0;136396.0;136540.0
296;2021;425;192929.0;142697.0;73.96347879271649;199885.0;73.84346;0.120019;2299.0;2223.0;140398.0;140474.0
297;2021;426;203279.0;159170.0;78.30125099001864;207501.0;77.31529;0.985961;3047.0;2891.0;156123.0;156279.0
298;2021;427;173074.0;139808.0;80.77931982851267;177468.0;79.669011;1.110309;2828.0;2776.0;136980.0;137032.0
299;2021;428;185941.0;142288.0;76.52319821878983;192410.0;75.875474;0.647724;2676.0;2405.0;139612.0;139883.0
300;2025;414;232131.0;192882.0;83.09187484653063;231536.0;77.790063;5.301812;1097.0;988.0;191785.0;191894.0
301;2025;415;186019.0;153755.0;82.65553518726581;188267.0;77.223836;5.431699;1038.0;840.0;152717.0;152915.0
302;2025;416;175948.0;146393.0;83.20242344329006;176899.0;77.049051;6.153373;1146.0;801.0;145247.0;145592.0
303;2025;417;202649.0;172504.0;85.12452565766424;202226.0;80.138063;4.986462;1137.0;858.0;171367.0;171646.0
304;2025;418;201508.0;167176.0;82.96246302876312;202482.0;77.036971;5.925492;980.0;867.0;166196.0;166309.0
305;2025;419;173740.0;143576.0;82.63842523310694;174908.0;76.452192;6.186233;1863.0;921.0;141713.0;142655.0
306;2025;420;236767.0;200304.0;84.59962748187037;238388.0;80.336259;4.263369;1202.0;985.0;199102.0;199319.0
307;2025;421;249219.0;211551.0;84.88558255991718;249202.0;80.102888;4.782694;1504.0;1042.0;210047.0;210509.0
308;2025;422;181112.0;150786.0;83.25566500287115;183138.0;78.133429;5.122236;1114.0;791.0;149672.0;149995.0
309;2025;423;245473.0;208042.0;84.75147979614867;246277.0;79.951843;4.799637;1411.0;1041.0;206631.0;207001.0
310;2025;424;178245.0;142999.0;80.22609329854976;179394.0;73.277256;6.948838;1247.0;829.0;141752.0;142170.0
311;2025;218;212978.0;171841.0;80.68485946905314;214853.0;72.870753;7.814106;2083.0;1417.0;169758.0;170424.0
312;2025;219;202532.0;162855.0;80.40951553334781;205042.0;71.381473;9.028042;1624.0;1131.0;161231.0;161724.0
313;2025;220;221164.0;179109.0;80.98469913729178;222705.0;74.236771;6.747929;1541.0;1089.0;177568.0;178020.0
314;2025;221;237125.0;186435.0;78.62308908803374;241066.0;70.072926;8.550163;1771.0;1350.0;184664.0;185085.0
315;2025;222;215874.0;168212.0;77.92138006429677;221421.0;69.659156;8.262224;2136.0;1382.0;166076.0;166830.0
316;2025;223;205056.0;160586.0;78.31324126092385;209348.0;68.604429;9.708812;2160.0;1427.0;158426.0;159159.0
317;2025;212;243955.0;189443.0;77.65489537004775;242078.0;74.206248;3.448648;1649.0;1087.0;187794.0;188356.0
318;2025;213;188984.0;158855.0;84.05738051898574;187705.0;81.361711;2.695669;1211.0;669.0;157644.0;158186.0
319;2025;214;194730.0;165712.0;85.09834129307245;193823.0;83.049999;2.048342;1120.0;649.0;164592.0;165063.0
320;2025;215;222169.0;190250.0;85.63300910568081;219909.0;84.33352;1.299489;1133.0;678.0;189117.0;189572.0
321;2025;216;230501.0;179963.0;78.07471551099562;233483.0;74.529623;3.545092;1678.0;998.0;178285.0;178965.0
322;2025;217;218950.0;166582.0;76.08221055035396;221794.0;71.348188;4.734023;1716.0;1104.0;164866.0;165478.0
323;2025;224;189800.0;155699.0;82.0331928345627;191846.0;71.852945;10.180248;1275.0;1016.0;154424.0;154683.0
324;2025;225;237527.0;198273.0;83.47387875904634;238506.0;73.719739;9.75414;1429.0;1050.0;196844.0;197223.0
325;2025;226;185864.0;150806.0;81.13782120259975;189047.0;70.968595;10.169226;1157.0;888.0;149649.0;149918.0
326;2025;227;229344.0;193988.0;84.58385656481094;228705.0;75.960298;8.623558;1273.0;801.0;192715.0;193187.0
327;2025;228;225017.0;185056.0;82.24089735442212;226827.0;72.192905;10.047993;1512.0;966.0;183544.0;184090.0
328;2025;229;187074.0;155165.0;82.94311342035772;188602.0;74.62222;8.320893;1133.0;776.0;154032.0;154389.0
329;2025;230;197893.0;167138.0;84.45877317540287;198576.0;76.454859;8.003915;1218.0;765.0;165920.0;166373.0
330;2025;231;233785.0;199529.0;85.34722073700195;233253.0;77.40222;7.945001;1215.0;919.0;198314.0;198610.0
331;2025;232;225099.0;187176.0;83.1527461250383;223948.0;73.457678;9.695068;1199.0;1000.0;185977.0;186176.0
332;2025;233;194011.0;162094.0;83.54887094030751;194371.0;75.6049;7.943971;1119.0;754.0;160975.0;161340.0
333;2025;234;196082.0;166168.0;84.74413765669465;197490.0;76.615525;8.128613;1079.0;748.0;165089.0;165420.0
334;2025;235;168109.0;139371.0;82.90513892771952;168927.0;74.055657;8.849482;1113.0;772.0;138258.0;138599.0
335;2025;236;202671.0;175135.0;86.41344839666257;201740.0;80.120452;6.292996;1180.0;706.0;173955.0;174429.0
336;2025;237;182679.0;155019.0;84.85868654853596;182673.0;76.192431;8.666255;943.0;676.0;154076.0;154343.0
337;2025;238;199476.0;167747.0;84.09382582365798;199960.0;75.933687;8.160139;1137.0;841.0;166610.0;166906.0
338;2025;239;192267.0;161535.0;84.01597778089844;195467.0;76.504474;7.511504;1016.0;666.0;160519.0;160869.0
339;2025;240;191029.0;157513.0;82.4550199184417;193863.0;73.709269;8.745751;1089.0;821.0;156424.0;156692.0
340;2025;241;175419.0;143749.0;81.94608337751326;176770.0;72.916219;9.029865;1066.0;796.0;142683.0;142953.0
341;2025;242;189782.0;159053.0;83.80826421894595;190336.0;75.504371;8.303893;987.0;782.0;158066.0;158271.0
342;2025;243;227327.0;192232.0;84.5618866214748;231250.0;75.494486;9.0674;1262.0;981.0;190970.0;191251.0
343;2025;244;212447.0;174872.0;82.31323577174543;214482.0;73.676113;8.637123;1221.0;908.0;173651.0;173964.0
344;2025;245;216950.0;183851.0;84.74348928324498;219966.0;75.735341;9.008148;1205.0;919.0;182646.0;182932.0
345;2025;246;179071.0;145350.0;81.16892182430433;184471.0;72.04005;9.128872;1213.0;888.0;144137.0;144462.0
346;2025;247;234055.0;197778.0;84.50065155625815;238323.0;76.032108;8.468544;1282.0;1064.0;196496.0;196714.0
347;2025;248;211156.0;176681.0;83.67320843357517;215131.0;75.156533;8.516676;1304.0;919.0;175377.0;175762.0
348;2025;249;195221.0;159593.0;81.74991419980432;200922.0;73.27122;8.478695;1311.0;992.0;158282.0;158601.0
349;2025;250;186358.0;155402.0;83.3889610319922;187721.0;75.008656;8.380305;1130.0;832.0;154272.0;154570.0
350;2025;251;176276.0;144199.0;81.80296807279494;180147.0;72.535762;9.267206;1262.0;842.0;142937.0;143357.0
351;2025;253;191421.0;155587.0;81.28000585097769;197519.0;72.707436;8.57257;1419.0;970.0;154168.0;154617.0
352;2025;255;210202.0;175553.0;83.51633190930629;214542.0;75.451893;8.064439;1348.0;918.0;174205.0;174635.0
353;2025;166;239863.0;194761.0;81.19676648753664;245384.0;75.925081;5.271686;1634.0;980.0;193127.0;193781.0
354;2025;167;210701.0;155605.0;73.85109705222092;214365.0;67.232524;6.618573;1652.0;1130.0;153953.0;154475.0
355;2025;1;169648.0;133142.0;78.48132603980005;172726.0;70.928523;7.552803;1418.0;1032.0;131724.0;132110.0
356;2025;2;180128.0;142115.0;78.89667347663884;182836.0;71.629767;7.266907;1532.0;1025.0;140583.0;141090.0
357;2025;3;251733.0;211139.0;83.87418415543453;249331.0;78.292711;5.581473;1823.0;1296.0;209316.0;209843.0
358;2025;4;231598.0;193015.0;83.34052971096469;230391.0;76.854131;6.486399;1890.0;1186.0;191125.0;191829.0
359;2025;5;201899.0;161157.0;79.82060337099243;202955.0;72.73435;7.086253;1806.0;1250.0;159351.0;159907.0
360;2025;6;234264.0;200726.0;85.6836731209234;232797.0;81.851141;3.832532;1615.0;1090.0;199111.0;199636.0
361;2025;8;241186.0;200748.0;83.23368686408;239844.0;77.112206;6.121481;1957.0;1398.0;198791.0;199350.0
362;2025;9;187968.0;149773.0;79.6800519237317;191387.0;74.411533;5.268519;1569.0;1092.0;148204.0;148681.0
363;2025;10;165945.0;132378.0;79.77221368525717;171267.0;74.925701;4.846513;1468.0;972.0;130910.0;131406.0
364;2025;12;169170.0;134488.0;79.49872908908199;175310.0;74.076208;5.422521;1410.0;1002.0;133078.0;133486.0
365;2025;462;227996.0;178476.0;78.28032070738084;234872.0;68.039613;10.240708;2270.0;1310.0;176206.0;177166.0
366;2025;464;217023.0;170433.0;78.53222930288494;223295.0;67.133165;11.399065;2228.0;1471.0;168205.0;168962.0
367;2025;465;200219.0;154033.0;76.93225917620205;207942.0;66.639736;10.292523;2012.0;1211.0;152021.0;152822.0
368;2025;466;222983.0;174468.0;78.24273599332685;229198.0;68.407665;9.835071;2420.0;1241.0;172048.0;173227.0
369;2025;468;227853.0;176302.0;77.37532531939452;236539.0;67.109441;10.265885;1984.0;1280.0;174318.0;175022.0
370;2025;470;224552.0;173599.0;77.3090420036339;229809.0;70.900182;6.40886;2109.0;1321.0;171490.0;172278.0
371;2025;472;203597.0;157343.0;77.28159059318162;210378.0;67.829811;9.451779;1753.0;1126.0;155590.0;156217.0
372;2025;474;210496.0;163183.0;77.52308832471876;217742.0;66.737239;10.785849;2517.0;1528.0;160666.0;161655.0
373;2025;13;207445.0;161865.0;78.02791101255755;207010.0;67.945993;10.081918;1043.0;879.0;160822.0;160986.0
374;2025;15;235392.0;199072.0;84.57041870581838;233069.0;58.177192;26.393227;2259.0;932.0;196813.0;198140.0
375;2025;17;172428.0;134126.0;77.78667037836082;175195.0;65.110306;12.676365;1776.0;1056.0;132350.0;133070.0
376;2025;19;176536.0;133309.0;75.51377622694521;179896.0;68.296683;7.217094;1789.0;1139.0;131520.0;132170.0
377;2025;21;214757.0;181883.0;84.69246636896585;217506.0;78.987706;5.70476;1694.0;819.0;180189.0;181064.0
378;2025;23;195504.0;162287.0;83.00955479171782;195586.0;68.120929;14.888626;1300.0;729.0;160987.0;161558.0
379;2025;25;229238.0;186838.0;81.50393913749029;231477.0;74.335247;7.168692;1820.0;1155.0;185018.0;185683.0
380;2025;27;192506.0;146236.0;75.96438552564595;196593.0;68.163159;7.801226;1399.0;1067.0;144837.0;145169.0
381;2025;29;218729.0;180869.0;82.690909755908;218824.0;69.131357;13.559553;1812.0;735.0;179057.0;180134.0
382;2025;31;206841.0;169802.0;82.09300863948637;206999.0;75.664617;6.428392;1122.0;1019.0;168680.0;168783.0
383;2025;33;195867.0;149493.0;76.32372987792738;198002.0;67.534166;8.789564;1288.0;1050.0;148205.0;148443.0
384;2025;35;196799.0;155397.0;78.96229147505831;200461.0;71.747622;7.21467;1237.0;1064.0;154160.0;154333.0
385;2025;256;172442.0;143853.0;83.42109230929819;176306.0;79.418738;4.002354;2901.0;871.0;140952.0;142982.0
386;2025;258;224835.0;182361.0;81.1088131296284;226420.0;75.377617;5.731196;6363.0;1376.0;175998.0;180985.0
387;2025;260;192359.0;157150.0;81.69620345291875;192346.0;75.576305;6.119898;1595.0;1118.0;155555.0;156032.0
388;2025;262;199301.0;164552.0;82.56456314820298;199656.0;76.954862;5.609701;1452.0;1133.0;163100.0;163419.0
389;2025;264;247391.0;207151.0;83.73425063967565;249035.0;78.246833;5.487418;1795.0;1164.0;205356.0;205987.0
390;2025;266;248663.0;207572.0;83.47522550600613;249198.0;77.373815;6.10141;2052.0;1198.0;205520.0;206374.0
391;2025;268;190951.0;153110.0;80.1828741404863;190630.0;73.91334;6.269534;1515.0;876.0;151595.0;152234.0
392;2025;270;243912.0;214600.0;87.9825510839975;242483.0;84.523451;3.4591;1213.0;679.0;213387.0;213921.0
393;2025;272;206670.0;169136.0;81.83868002128997;204539.0;75.898484;5.940196;1314.0;782.0;167822.0;168354.0
394;2025;274;228194.0;193699.0;84.88347634030693;230215.0;80.601612;4.281865;1647.0;976.0;192052.0;192723.0
395;2025;276;238140.0;199347.0;83.71000251952633;238627.0;78.874981;4.835022;1751.0;1068.0;197596.0;198279.0
396;2025;278;214269.0;183163.0;85.48273431994362;216063.0;81.752544;3.73019;1428.0;882.0;181735.0;182281.0
397;2025;280;204353.0;169819.0;83.10081085181035;206640.0;77.5;5.600811;1559.0;1210.0;168260.0;168609.0
398;2025;282;214554.0;184312.0;85.90471396478276;217193.0;81.463491;4.441223;1155.0;862.0;183157.0;183450.0
399;2025;284;206279.0;165366.0;80.16618269431207;209102.0;73.72622;6.439963;1595.0;1032.0;163771.0;164334.0
400;2025;286;196546.0;153114.0;77.90237399896208;202528.0;72.433935;5.468439;1442.0;963.0;151672.0;152151.0
401;2025;288;216618.0;173656.0;80.16692980269414;220204.0;74.247062;5.919868;1511.0;1082.0;172145.0;172574.0
402;2025;290;200860.0;167587.0;83.43473065816987;203030.0;78.53864;4.896091;1365.0;883.0;166222.0;166704.0
403;2025;292;156872.0;129847.0;82.77257891784384;160175.0;77.27111;5.501469;1221.0;752.0;128626.0;129095.0
404;2025;294;224445.0;187057.0;83.34202143064002;220827.0;79.297369;4.044653;1392.0;763.0;185665.0;186294.0
405;2025;296;188875.0;151908.0;80.42779616148246;190102.0;74.847713;5.580083;1303.0;756.0;150605.0;151152.0
406;2025;298;210819.0;173161.0;82.13728364141753;213250.0;76.045487;6.091797;1601.0;980.0;171560.0;172181.0
407;2025;300;181209.0;140063.0;77.293622281454;185185.0;70.00891;7.284712;1616.0;947.0;138447.0;139116.0
408;2025;302;196586.0;164150.0;83.5003509914236;200048.0;77.844317;5.656034;1470.0;906.0;162680.0;163244.0
409;2025;304;223739.0;185834.0;83.05838499322871;227166.0;77.073594;5.984791;1682.0;1112.0;184152.0;184722.0
410;2025;306;223650.0;182375.0;81.54482450257098;225463.0;75.885178;5.659646;1351.0;1060.0;181024.0;181315.0
411;2025;308;204087.0;170433.0;83.50997368769202;206270.0;77.871237;5.638737;1398.0;941.0;169035.0;169492.0
412;2025;310;173314.0;140222.0;80.90633186009208;175852.0;74.872051;6.03428;1253.0;831.0;138969.0;139391.0
413;2025;312;159961.0;127170.0;79.5006282781428;163394.0;72.585285;6.915344;1297.0;862.0;125873.0;126308.0
414;2025;314;152391.0;111847.0;73.39475428338945;155265.0;63.336232;10.058523;1417.0;1095.0;110430.0;110752.0
415;2025;316;193877.0;155814.0;80.36744946538269;199156.0;72.923738;7.443711;1507.0;1005.0;154307.0;154809.0
416;2025;318;177448.0;145633.0;82.07080384112528;182895.0;76.35966;5.711144;1277.0;760.0;144356.0;144873.0
417;2025;320;152295.0;114166.0;74.96372172428511;156298.0;67.48135;7.482372;1243.0;846.0;112923.0;113320.0
418;2025;322;186492.0;157566.0;84.4894150955537;190335.0;80.311031;4.178385;1400.0;673.0;156166.0;156893.0
419;2025;324;161611.0;129034.0;79.84233746465279;165193.0;73.635081;6.207256;991.0;723.0;128043.0;128311.0
420;2025;326;182424.0;147462.0;80.8347585843968;186413.0;73.943877;6.890881;1306.0;895.0;146156.0;146567.0
421;2025;328;164673.0;122676.0;74.49672988285876;168496.0;66.658556;7.838174;1223.0;900.0;121453.0;121776.0
422;2025;330;201685.0;168635.0;83.61305996975481;202388.0;77.521395;6.091665;1062.0;883.0;167573.0;167752.0
423;2025;332;195336.0;157959.0;80.86527828971619;199344.0;74.611726;6.253552;1340.0;982.0;156619.0;156977.0
424;2025;334;200973.0;172498.0;85.8314300925995;201103.0;80.634799;5.196631;1175.0;819.0;171323.0;171679.0
425;2025;336;194072.0;169671.0;87.4268312791129;194695.0;82.726316;4.700516;1142.0;748.0;168529.0;168923.0
426;2025;338;194178.0;165562.0;85.263006107798;195513.0;79.603402;5.659604;1094.0;873.0;164468.0;164689.0
427;2025;340;237654.0;207991.0;87.51840911577335;233953.0;83.895483;3.622926;1176.0;768.0;206815.0;207223.0
428;2025;342;207690.0;175926.0;84.70605228946988;208754.0;79.42746;5.278592;1399.0;998.0;174527.0;174928.0
429;2025;344;232757.0;192669.0;82.77688748351285;234177.0;76.74793;6.028957;1767.0;1297.0;190902.0;191372.0
430;2025;346;240475.0;196973.0;81.9099698513359;243059.0;76.255148;5.654822;1579.0;1089.0;195394.0;195884.0
431;2025;348;223060.0;181750.0;81.48031919662871;226894.0;75.129356;6.350964;1655.0;1216.0;180095.0;180534.0
432;2025;350;199147.0;163423.0;82.06149226450813;201888.0;75.752397;6.309095;1731.0;1204.0;161692.0;162219.0
433;2025;352;221604.0;182679.0;82.43488384686198;224415.0;76.822851;5.612033;1922.0;1324.0;180757.0;181355.0
434;2025;354;169491.0;141885.0;83.71240950846948;172435.0;77.911097;5.801313;1448.0;1106.0;140437.0;140779.0
435;2025;356;231585.0;192337.0;83.05244294751387;231534.0;77.041385;6.011058;1467.0;1072.0;190870.0;191265.0
436;2025;358;195958.0;154267.0;78.72452260178201;201594.0;71.803228;6.921294;1395.0;972.0;152872.0;153295.0
437;2025;360;170960.0;142858.0;83.56223678053347;175283.0;77.991591;5.570646;1173.0;817.0;141685.0;142041.0
438;2025;362;200128.0;163505.0;81.70021186440678;202393.0;76.431003;5.269209;1377.0;874.0;162128.0;162631.0
439;2025;364;170434.0;132167.0;77.54732037034864;173939.0;70.740317;6.807003;1486.0;1003.0;130681.0;131164.0
440;2025;366;203655.0;165438.0;81.23444059807026;206727.0;75.371867;5.862573;1351.0;943.0;164087.0;164495.0
441;2025;368;195508.0;154308.0;78.92669353683736;199317.0;72.173974;6.752719;1538.0;978.0;152770.0;153330.0
442;2025;370;190464.0;157467.0;82.67546622983872;194493.0;76.137959;6.537508;1408.0;972.0;156059.0;156495.0
443;2025;372;227760.0;181924.0;79.87530734106076;231226.0;72.984872;6.890435;1686.0;1145.0;180238.0;180779.0
444;2025;374;229384.0;190466.0;83.03369023122798;231811.0;77.219373;5.814318;1445.0;996.0;189021.0;189470.0
445;2025;376;196716.0;165006.0;83.88031476849875;200496.0;78.065398;5.814917;1008.0;822.0;163998.0;164184.0
446;2025;378;202346.0;168074.0;83.06267482431083;207672.0;78.085635;4.97704;1282.0;862.0;166792.0;167212.0
447;2025;380;198932.0;163294.0;82.08533569259848;203350.0;76.139661;5.945675;1362.0;987.0;161932.0;162307.0
448;2025;382;191152.0;153042.0;80.0629865238135;195816.0;73.379601;6.683385;1242.0;894.0;151800.0;152148.0
449;2025;429;158475.0;126905.0;80.07887679444707;161279.0;73.912909;6.165968;1179.0;851.0;125726.0;126054.0
450;2025;431;225020.0;183932.0;81.74028975202205;224100.0;74.830879;6.909411;970.0;932.0;182962.0;183000.0
451;2025;433;232750.0;195980.0;84.20193340494092;231178.0;78.242739;5.959194;817.0;737.0;195163.0;195243.0
452;2025;435;210845.0;172244.0;81.69223837416112;212853.0;76.241819;5.450419;1220.0;1064.0;171024.0;171180.0
453;2025;437;193052.0;157184.0;81.42054990365291;197004.0;75.806075;5.614475;1486.0;948.0;155698.0;156236.0
454;2025;439;200639.0;161774.0;80.62938910181968;206895.0;76.963194;3.666195;1558.0;1147.0;160216.0;160627.0
455;2025;441;196873.0;155057.0;78.75991121179644;204105.0;74.989344;3.770567;1280.0;1117.0;153777.0;153940.0
456;2025;443;196612.0;160372.0;81.56775781742722;199703.0;77.194133;4.373625;1630.0;955.0;158742.0;159417.0
457;2025;445;225103.0;184922.0;82.14994913439625;228643.0;79.215196;2.934753;1857.0;846.0;183065.0;184076.0
458;2025;447;233483.0;196333.0;84.08877734139102;234432.0;80.794857;3.29392;1555.0;877.0;194778.0;195456.0
459;2025;449;188107.0;148354.0;78.86681516371002;193828.0;76.218606;2.648209;1326.0;867.0;147028.0;147487.0
460;2025;451;183295.0;144921.0;79.06434981859843;188691.0;74.566355;4.497995;774.0;692.0;144147.0;144229.0
461;2025;453;172020.0;140055.0;81.41785838855947;177211.0;77.547669;3.870189;1873.0;850.0;138182.0;139205.0
462;2025;455;202990.0;164320.0;80.94980048278241;210941.0;76.683054;4.266747;1683.0;1503.0;162637.0;162817.0
463;2025;457;189565.0;150838.0;79.57059583783926;197831.0;74.377625;5.19297;1198.0;960.0;149640.0;149878.0
464;2025;459;177951.0;141586.0;79.56459924361201;184973.0;74.506009;5.05859;1596.0;859.0;139990.0;140727.0
465;2025;168;180475.0;150082.0;83.15944036570161;184073.0;75.040881;8.11856;1642.0;1370.0;148440.0;148712.0
466;2025;170;214132.0;175165.0;81.80234621635253;218474.0;74.520996;7.281351;2070.0;1571.0;173095.0;173594.0
467;2025;172;167770.0;138607.0;82.61727364844728;171886.0;76.158035;6.459239;1639.0;1419.0;136968.0;137188.0
468;2025;174;182420.0;153589.0;84.19526367722837;185944.0;76.094953;8.10031;1871.0;1548.0;151718.0;152041.0
469;2025;176;179872.0;152353.0;84.70078722647216;181588.0;77.968258;6.732529;1186.0;967.0;151167.0;151386.0
470;2025;178;203567.0;166049.0;81.5697043233923;206532.0;74.266457;7.303247;1655.0;1373.0;164394.0;164676.0
471;2025;180;215142.0;178656.0;83.04096829071032;217514.0;74.440726;8.600243;1718.0;1408.0;176938.0;177248.0
472;2025;182;206544.0;174948.0;84.7025331164304;208542.0;78.430244;6.272289;1451.0;1270.0;173497.0;173678.0
473;2025;184;175443.0;146914.0;83.73887815415834;178307.0;76.873034;6.865845;1610.0;1287.0;145304.0;145627.0
474;2025;186;178433.0;152705.0;85.5811425016673;179842.0;80.076956;5.504186;1346.0;1001.0;151359.0;151704.0
475;2025;188;176870.0;149796.0;84.69271216147453;176897.0;78.540054;6.152658;1441.0;1163.0;148355.0;148633.0
476;2025;190;217091.0;182782.0;84.19602839362295;220466.0;78.1286;6.067428;1718.0;1201.0;181064.0;181581.0
477;2025;192;186038.0;148215.0;79.669207366237;186735.0;72.945083;6.724125;1453.0;1006.0;146762.0;147209.0
478;2025;194;175243.0;143429.0;81.84577985996587;176271.0;74.551117;7.294663;1530.0;1169.0;141899.0;142260.0
479;2025;196;193390.0;165885.0;85.77744454211697;195514.0;80.668392;5.109053;1321.0;1028.0;164564.0;164857.0
480;2025;198;202372.0;160179.0;79.15077184590754;201216.0;72.066834;7.083938;1547.0;1159.0;158632.0;159020.0
481;2025;200;230870.0;191532.0;82.96097370814745;227207.0;77.024035;5.936938;1467.0;1100.0;190065.0;190432.0
482;2025;202;172314.0;140680.0;81.64165418944485;174082.0;74.252938;7.388716;1682.0;1253.0;138998.0;139427.0
483;2025;204;218352.0;174373.0;79.85866857184729;219511.0;72.001859;7.85681;1846.0;1408.0;172527.0;172965.0
484;2025;206;239490.0;202987.0;84.75802747505115;240763.0;78.465545;6.292483;1726.0;1252.0;201261.0;201735.0
485;2025;208;230672.0;194831.0;84.46235347159603;233901.0;76.882955;7.579399;2207.0;1617.0;192624.0;193214.0
486;2025;210;195419.0;164877.0;84.3710181712116;197782.0;77.446886;6.924132;1676.0;1230.0;163201.0;163647.0
487;2025;476;206544.0;165873.0;80.30879618870556;213593.0;73.980421;6.328375;1355.0;1160.0;164518.0;164713.0
488;2025;478;201183.0;159955.0;79.50721482431418;207877.0;73.401098;6.106117;1306.0;1247.0;158649.0;158708.0
489;2025;480;194202.0;161207.0;83.009958702794;198697.0;77.586979;5.42298;1119.0;926.0;160088.0;160281.0
490;2025;482;184279.0;147985.0;80.30486382061981;190519.0;74.830332;5.474532;1353.0;1157.0;146632.0;146828.0
491;2025;484;214387.0;175940.0;82.06654321390756;217944.0;76.44349;5.623053;1073.0;1095.0;174867.0;174845.0
492;2025;486;220281.0;173700.0;78.85382761109673;229588.0;73.238584;5.615244;1422.0;1339.0;172278.0;172361.0
493;2025;488;211519.0;172602.0;81.60118003583602;219437.0;75.890119;5.711061;1268.0;1161.0;171334.0;171441.0
494;2025;490;220067.0;176212.0;80.0719780794031;230071.0;74.371824;5.700154;1352.0;1229.0;174860.0;174983.0
495;2025;384;236097.0;194324.0;82.30684845635481;238118.0;76.36424;5.942609;1931.0;1220.0;192393.0;193104.0
496;2025;386;191196.0;159650.0;83.50070085148225;195109.0;76.093876;7.406825;1701.0;962.0;157949.0;158688.0
497;2025;388;189667.0;155931.0;82.21303653244898;193035.0;76.217784;5.995252;1639.0;980.0;154292.0;154951.0
498;2025;390;168705.0;142248.0;84.31759580332533;171102.0;78.734907;5.582689;2063.0;1025.0;140185.0;141223.0
499;2025;392;179523.0;146442.0;81.57283467856486;182380.0;75.725957;5.846878;1506.0;988.0;144936.0;145454.0
500;2025;394;161542.0;134533.0;83.28050909361033;163493.0;76.118855;7.161654;1558.0;917.0;132975.0;133616.0
501;2025;396;187569.0;156721.0;83.55378554025452;190530.0;77.242954;6.310832;1422.0;912.0;155299.0;155809.0
502;2025;398;209443.0;174499.0;83.31574700515176;210816.0;77.871224;5.444523;2175.0;1383.0;172324.0;173116.0
503;2025;400;251074.0;214618.0;85.47997801444993;249630.0;81.188158;4.29182;1926.0;1385.0;212692.0;213233.0
504;2025;402;211986.0;178184.0;84.05460737973263;212943.0;78.253805;5.800802;1929.0;1482.0;176255.0;176702.0
505;2025;404;205998.0;163099.0;79.17504053437412;210969.0;73.428324;5.746717;2068.0;1433.0;161031.0;161666.0
506;2025;406;216200.0;182125.0;84.23913043478261;219416.0;79.223028;5.016102;1703.0;1242.0;180422.0;180883.0
507;2025;408;219842.0;179205.0;81.5153610320139;224701.0;75.302736;6.212625;2320.0;1558.0;176885.0;177647.0
508;2025;410;169645.0;139067.0;81.97530136461434;174093.0;76.091514;5.883787;1840.0;1380.0;137227.0;137687.0
509;2025;412;215995.0;179902.0;83.28989096969838;217000.0;78.921198;4.368693;1716.0;1323.0;178186.0;178579.0
510;2025;75;168462.0;137701.0;81.74009568923556;168656.0;76.74853;4.991566;734.0;451.0;136967.0;137250.0
511;2025;77;201029.0;175164.0;87.13369712827502;200569.0;83.92972;3.203977;721.0;433.0;174443.0;174731.0
512;2025;79;238829.0;204980.0;85.82709804923188;237250.0;81.771128;4.055971;913.0;551.0;204067.0;204429.0
513;2025;81;230710.0;199398.0;86.42798318235013;231905.0;83.128436;3.299547;799.0;501.0;198599.0;198897.0
514;2025;83;237848.0;195987.0;82.40010426827217;238384.0;78.610561;3.789543;900.0;646.0;195087.0;195341.0
515;2025;85;223701.0;185631.0;82.98174795821208;223683.0;78.482048;4.4997;976.0;484.0;184655.0;185147.0
516;2025;87;243744.0;205040.0;84.12104503085203;242591.0;79.952678;4.168367;1037.0;547.0;204003.0;204493.0
517;2025;89;214947.0;181255.0;84.32543836387575;214606.0;80.598865;3.726573;623.0;446.0;180632.0;180809.0
518;2025;91;246574.0;210862.0;85.51672114659291;242252.0;81.845351;3.67137;2726.0;395.0;208136.0;210467.0
519;2025;93;234884.0;205548.0;87.51043068067642;234912.0;84.854328;2.656102;779.0;439.0;204769.0;205109.0
520;2025;95;238910.0;201583.0;84.37612490059017;237390.0;80.631029;3.745096;894.0;598.0;200689.0;200985.0
521;2025;97;165895.0;141799.0;85.47514994424183;166662.0;81.665887;3.809263;653.0;397.0;141146.0;141402.0
522;2025;99;215624.0;188310.0;87.3325789336994;214828.0;84.243209;3.08937;764.0;547.0;187546.0;187763.0
523;2025;101;209020.0;172572.0;82.56243421682136;208815.0;78.479036;4.083398;822.0;548.0;171750.0;172024.0
524;2025;103;168111.0;143698.0;85.47804724259566;168473.0;81.935384;3.542663;782.0;368.0;142916.0;143330.0
525;2025;105;165283.0;135485.0;81.97152762232051;166186.0;76.536531;5.434996;675.0;348.0;134810.0;135137.0
526;2025;107;247907.0;208132.0;83.95567692723482;246854.0;79.232664;4.723013;828.0;585.0;207304.0;207547.0
527;2025;109;176118.0;144115.0;81.82866033000602;177563.0;76.944521;4.884139;595.0;403.0;143520.0;143712.0
528;2025;111;172941.0;142709.0;82.51889372676231;173632.0;77.108482;5.410411;639.0;383.0;142070.0;142326.0
529;2025;113;172522.0;141540.0;82.04171062241338;173772.0;76.511176;5.530535;597.0;416.0;140943.0;141124.0
530;2025;115;214379.0;181941.0;84.86885375899692;216071.0;80.203729;4.665124;808.0;615.0;181133.0;181326.0
531;2025;117;250984.0;212696.0;84.74484429286329;248192.0;80.154477;4.590367;729.0;553.0;211967.0;212143.0
532;2025;119;220950.0;185033.0;83.74428603756506;222424.0;78.659227;5.085059;883.0;522.0;184150.0;184511.0
533;2025;121;162689.0;136787.0;84.07882524325554;165807.0;79.7596;4.319225;641.0;424.0;136146.0;136363.0
534;2025;123;181281.0;155529.0;85.79442964237842;182586.0;81.419167;4.375263;661.0;471.0;154868.0;155058.0
535;2025;125;159361.0;134067.0;84.12786064344476;162430.0;79.502555;4.625306;602.0;385.0;133465.0;133682.0
536;2025;127;153429.0;128769.0;83.92741919715309;156571.0;79.110436;4.816984;592.0;466.0;128177.0;128303.0
537;2025;129;157915.0;129424.0;81.9580153880252;162872.0;76.952453;5.005562;762.0;422.0;128662.0;129002.0
538;2025;131;165464.0;141525.0;85.53220035778175;168923.0;81.207414;4.324786;760.0;450.0;140765.0;141075.0
539;2025;133;241618.0;203824.0;84.357953463732;243174.0;79.164713;5.19324;1008.0;636.0;202816.0;203188.0
540;2025;135;186938.0;162264.0;86.80097144507805;187299.0;82.956663;3.844309;844.0;461.0;161420.0;161803.0
541;2025;137;248612.0;208200.0;83.74495197335608;250730.0;78.94508;4.799872;1067.0;706.0;207133.0;207494.0
542;2025;139;187179.0;151372.0;80.8701830867779;188283.0;77.124329;3.745854;878.0;618.0;150494.0;150754.0
543;2025;141;174758.0;136860.0;78.31401137573101;177316.0;73.067292;5.246719;1006.0;716.0;135854.0;136144.0
544;2025;143;227696.0;197152.0;86.58562293584428;229279.0;82.726722;3.858901;947.0;585.0;196205.0;196567.0
545;2025;145;181144.0;155293.0;85.7290332553107;182652.0;80.356087;5.372946;956.0;710.0;154337.0;154583.0
546;2025;147;210364.0;180527.0;85.81648951341484;214061.0;81.361855;4.454635;7608.0;697.0;172919.0;179830.0
547;2025;149;192185.0;165463.0;86.09568904961365;194408.0;81.340788;4.754901;924.0;577.0;164539.0;164886.0
548;2025;151;194125.0;163446.0;84.19626529298134;196710.0;79.994408;4.201857;949.0;601.0;162497.0;162845.0
549;2025;153;222633.0;192406.0;86.42294718213383;224907.0;82.549231;3.873716;990.0;537.0;191416.0;191869.0
550;2025;155;186448.0;148097.0;79.43072599330645;187164.0;73.516809;5.913917;798.0;542.0;147299.0;147555.0
551;2025;157;232095.0;199564.0;85.9837566513712;231978.0;81.825001;4.158756;948.0;606.0;198616.0;198958.0
552;2025;159;192393.0;163283.0;84.86951188452802;192451.0;80.164302;4.70521;639.0;524.0;162644.0;162759.0
553;2025;161;215191.0;178435.0;82.91936001040936;214619.0;77.585396;5.333964;1043.0;644.0;177392.0;177791.0
554;2025;163;159653.0;134558.0;84.28153558028976;158711.0;79.405334;4.876201;957.0;414.0;133601.0;134144.0
555;2025;164;228068.0;191695.0;84.051686339162;228803.0;79.437333;4.614354;987.0;714.0;190708.0;190981.0
556;2025;165;161048.0;136838.0;84.96721474343053;160260.0;80.080494;4.886721;913.0;421.0;135925.0;136417.0
557;2025;37;188918.0;162105.0;85.80706973395866;191811.0;82.119378;3.687692;910.0;412.0;161195.0;161693.0
558;2025;38;174909.0;139575.0;79.79863814898033;178958.0;74.647683;5.150955;1072.0;626.0;138503.0;138949.0
559;2025;39;243100.0;204946.0;84.30522418757714;245553.0;79.549018;4.756206;1364.0;926.0;203582.0;204020.0
560;2025;40;165367.0;139386.0;84.2888847230705;166628.0;79.151163;5.137722;778.0;584.0;138608.0;138802.0
561;2025;41;203455.0;173192.0;85.12545771792288;205967.0;80.487165;4.638292;1057.0;761.0;172135.0;172431.0
562;2025;42;174712.0;143877.0;82.35095471404368;177107.0;76.567273;5.783682;1193.0;832.0;142684.0;143045.0
563;2025;43;219692.0;184918.0;84.17147643063926;221775.0;79.288017;4.883459;1177.0;819.0;183741.0;184099.0
564;2025;44;212465.0;179881.0;84.66382698326782;215312.0;79.811158;4.852669;1075.0;715.0;178806.0;179166.0
565;2025;45;228598.0;195890.0;85.69191331507712;230738.0;80.902582;4.789331;1266.0;873.0;194624.0;195017.0
566;2025;46;238592.0;194676.0;81.59368293991416;240951.0;75.867708;5.725975;1675.0;1219.0;193001.0;193457.0
567;2025;47;224446.0;186108.0;82.91883125562495;225874.0;76.452801;6.46603;1414.0;1091.0;184694.0;185017.0
568;2025;48;175503.0;146415.0;83.42592434317362;177062.0;77.055495;6.37043;1266.0;724.0;145149.0;145691.0
569;2025;49;217574.0;180563.0;82.98923584619486;220686.0;76.423063;6.566173;1735.0;999.0;178828.0;179564.0
570;2025;50;202812.0;168556.0;83.10948070133917;205608.0;77.619062;5.490419;1126.0;711.0;167430.0;167845.0
571;2025;51;207276.0;176259.0;85.03589417009205;209147.0;80.300459;4.735436;1482.0;854.0;174777.0;175405.0
572;2025;52;200964.0;163973.0;81.59322067634004;204890.0;75.811899;5.781322;1516.0;1037.0;162457.0;162936.0
573;2025;53;218284.0;186493.0;85.43594583203533;218431.0;81.429834;4.006112;1109.0;752.0;185384.0;185741.0
574;2025;54;195336.0;153146.0;78.4013187533276;196863.0;72.198432;6.202886;1225.0;869.0;151921.0;152277.0
575;2025;55;206482.0;171415.0;83.01692157185614;209418.0;77.384943;5.631979;1515.0;1072.0;169900.0;170343.0
576;2025;56;195510.0;163898.0;83.83100608664519;196882.0;78.262614;5.568392;1419.0;884.0;162479.0;163014.0
577;2025;57;194216.0;162421.0;83.62905218931499;195755.0;77.766085;5.862967;1622.0;950.0;160799.0;161471.0
578;2025;58;212982.0;174321.0;81.84776178268585;217126.0;75.523889;6.323872;2289.0;980.0;172032.0;173341.0
579;2025;59;197556.0;163682.0;82.85346939601935;199092.0;76.780082;6.073388;1274.0;860.0;162408.0;162822.0
580;2025;60;228338.0;196067.0;85.8670041780168;224392.0;80.651717;5.215288;1304.0;797.0;194763.0;195270.0
581;2025;61;229946.0;187809.0;81.67526288780844;231076.0;75.327598;6.347665;1440.0;1023.0;186369.0;186786.0
582;2025;62;218790.0;182311.0;83.3269345034051;218872.0;76.759019;6.567916;1439.0;993.0;180872.0;181318.0
583;2025;63;204805.0;167833.0;81.94770635482533;205893.0;76.144405;5.803301;1648.0;1031.0;166185.0;166802.0
584;2025;64;196201.0;161387.0;82.255951804527;198182.0;75.518463;6.737489;1559.0;1121.0;159828.0;160266.0
585;2025;65;160376.0;131135.0;81.76722202823366;162800.0;75.468059;6.299163;1057.0;899.0;130078.0;130236.0
586;2025;66;207094.0;170740.0;82.44565269877448;206009.0;76.483552;5.962101;1166.0;789.0;169574.0;169951.0
587;2025;67;176262.0;145383.0;82.48119276985398;177275.0;76.826964;5.654229;978.0;712.0;144405.0;144671.0
588;2025;68;197827.0;165466.0;83.6417678072255;199189.0;77.22314;6.418628;1264.0;812.0;164202.0;164654.0
589;2025;69;199799.0;172184.0;86.17860950255006;198791.0;80.90658;5.272029;1167.0;702.0;171017.0;171482.0
590;2025;70;223539.0;190020.0;85.00530108840069;223376.0;79.478995;5.526306;1240.0;879.0;188780.0;189141.0
591;2025;71;169789.0;144530.0;85.12330009600151;169147.0;78.833795;6.289505;1018.0;784.0;143512.0;143746.0
592;2025;72;173329.0;145115.0;83.72228536482643;174430.0;79.021957;4.700328;1088.0;753.0;144027.0;144362.0
593;2025;73;188225.0;157982.0;83.93252756010095;187817.0;78.278324;5.654203;1206.0;746.0;156776.0;157236.0
594;2025;74;180742.0;148788.0;82.32065596264289;182648.0;75.601156;6.7195;1599.0;857.0;147189.0;147931.0
595;2025;425;187345.0;149368.0;79.7288425098081;192929.0;73.963479;5.765364;1852.0;1249.0;147516.0;148119.0
596;2025;426;198307.0;164765.0;83.0858214788182;203279.0;78.301251;4.78457;2373.0;1634.0;162392.0;163131.0
597;2025;427;168073.0;143181.0;85.18976873144408;173074.0;80.77932;4.410449;1858.0;1376.0;141323.0;141805.0
598;2025;428;180479.0;147979.0;81.99236476265936;185941.0;76.523198;5.469167;1968.0;1311.0;146011.0;146668.0
